City_ID,City,Lat,Lng,Max Temp,Humidity,Cloudiness,Wind Speed,Country,Date
0,Lufilufi,-13.8745,-171.5986,83.98,60,1,6.53,WS,2021-10-12 20:50:48
1,Sept-Iles,50.2001,-66.3821,58.05,85,90,5.75,CA,2021-10-12 20:50:33
2,Barrow,71.2906,-156.7887,30.22,80,90,20.71,US,2021-10-12 20:50:49
3,Vilhena,-12.7406,-60.1458,75.42,94,75,13.8,BR,2021-10-12 20:50:49
4,Vaini,-21.2,-175.2,73.56,83,40,9.22,TO,2021-10-12 20:50:50
5,Labuhan,-6.8844,112.2051,77.27,78,100,8.86,ID,2021-10-12 20:50:50
6,Honiara,-9.4333,159.95,81.63,80,76,1.63,SB,2021-10-12 20:50:51
7,Luderitz,-26.6481,15.1594,61.93,72,53,6.87,NA,2021-10-12 20:50:51
8,Ribeira Grande,38.5167,-28.7,70.2,73,20,5.75,PT,2021-10-12 20:50:52
9,Jardim,-21.4803,-56.1381,89.04,38,7,5.48,BR,2021-10-12 20:50:45
10,Praia,14.9215,-23.5087,79.34,73,75,16.11,CV,2021-10-12 20:50:52
11,Mataura,-46.1927,168.8643,41.86,90,100,4.9,NZ,2021-10-12 20:50:53
12,Faanui,-16.4833,-151.75,80.51,76,72,10.87,PF,2021-10-12 20:50:53
13,Severo-Kurilsk,50.6789,156.125,45.07,81,21,13.8,RU,2021-10-12 20:50:54
14,Albany,42.6001,-73.9662,74.68,64,25,3.0,US,2021-10-12 20:50:54
15,Laguna,38.421,-121.4238,71.22,20,1,8.99,US,2021-10-12 20:50:55
16,Souillac,-20.5167,57.5167,73.78,94,40,4.61,MU,2021-10-12 20:50:55
17,Constitucion,-35.3333,-72.4167,56.82,71,18,6.58,CL,2021-10-12 20:48:27
18,Ushuaia,-54.8,-68.3,55.02,40,75,9.22,AR,2021-10-12 20:47:43
19,Chuy,-33.6971,-53.4616,64.44,89,16,6.85,UY,2021-10-12 20:50:56
20,Jamestown,42.097,-79.2353,74.79,69,90,5.99,US,2021-10-12 20:49:52
21,Hithadhoo,-0.6,73.0833,82.13,76,100,15.46,MV,2021-10-12 20:50:57
22,Ardakan,32.31,54.0175,61.18,12,0,5.26,IR,2021-10-12 20:50:57
23,Puerto Colombia,10.9878,-74.9547,87.89,78,100,10.33,CO,2021-10-12 20:50:58
24,Rikitea,-23.1203,-134.9692,74.1,73,54,10.04,PF,2021-10-12 20:46:04
25,San Pedro,14.35,121.0167,80.15,93,90,2.3,PH,2021-10-12 20:50:59
26,San Francisco,37.7749,-122.4194,74.3,24,1,10.0,US,2021-10-12 20:46:02
27,Placido De Castro,-10.3353,-67.1856,96.15,33,98,3.13,BR,2021-10-12 20:50:59
28,Atuona,-9.8,-139.0333,77.27,77,15,16.42,PF,2021-10-12 20:51:00
29,Lasa,46.6166,10.7002,47.28,95,79,5.86,IT,2021-10-12 20:51:00
30,Tasiilaq,65.6145,-37.6368,23.4,60,0,1.19,GL,2021-10-12 20:51:01
31,Qaanaaq,77.484,-69.3632,28.51,94,99,6.24,GL,2021-10-12 20:51:01
32,Hilo,19.7297,-155.09,78.24,92,90,4.61,US,2021-10-12 20:49:14
33,Palora,-1.7,-77.9333,78.91,92,91,1.05,EC,2021-10-12 20:51:03
34,Margate,51.3813,1.3862,54.95,78,76,4.0,GB,2021-10-12 20:51:03
35,Busselton,-33.65,115.3333,46.04,85,63,8.32,AU,2021-10-12 20:51:04
36,Bredasdorp,-34.5322,20.0403,62.28,94,100,3.44,ZA,2021-10-12 20:51:05
37,Kruisfontein,-34.0033,24.7314,57.88,86,100,0.94,ZA,2021-10-12 20:51:05
38,Fajardo,18.3258,-65.6524,87.8,89,1,4.61,PR,2021-10-12 20:46:41
39,Inuvik,68.3499,-133.7218,25.81,83,75,11.5,CA,2021-10-12 20:51:06
40,Hermanus,-34.4187,19.2345,62.8,83,92,4.41,ZA,2021-10-12 20:51:06
41,Troitskoye,52.9821,84.6757,31.06,78,99,4.99,RU,2021-10-12 20:51:07
42,Hasaki,35.7333,140.8333,64.8,86,100,20.87,JP,2021-10-12 20:51:07
43,Miramar,25.9873,-80.2323,87.03,71,20,12.66,US,2021-10-12 20:51:08
44,Saint-Philippe,-21.3585,55.7679,72.99,89,64,5.14,RE,2021-10-12 20:51:08
45,Takahagi,36.7167,140.7167,64.29,92,100,13.13,JP,2021-10-12 20:51:09
46,Katsuura,35.1333,140.3,66.18,90,100,18.57,JP,2021-10-12 20:51:09
47,Del Rio,29.3627,-100.8968,91.42,72,75,10.36,US,2021-10-12 20:51:10
48,Flinders,-34.5833,150.8552,60.21,76,100,1.99,AU,2021-10-12 20:51:10
49,Esperance,-33.8667,121.9,53.44,70,91,22.86,AU,2021-10-12 20:51:11
50,Pop,40.8736,71.1089,45.09,35,0,3.24,UZ,2021-10-12 20:51:11
51,Punta Arenas,-53.15,-70.9167,59.11,29,75,26.46,CL,2021-10-12 20:49:18
52,Nakusp,50.2499,-117.8023,50.47,57,100,3.44,CA,2021-10-12 20:51:12
53,Bulgan,48.8125,103.5347,34.09,62,6,4.79,MN,2021-10-12 20:51:12
54,Conde,-7.2597,-34.9075,80.06,69,20,10.36,BR,2021-10-12 20:46:14
55,Sao Filipe,14.8961,-24.4956,79.5,74,4,8.88,CV,2021-10-12 20:51:13
56,Castro,-24.7911,-50.0119,65.93,75,58,3.87,BR,2021-10-12 20:51:13
57,Gat,31.61,34.7642,80.4,59,100,7.96,IL,2021-10-12 20:51:14
58,Kapit,2.0167,112.9333,74.08,99,100,0.87,MY,2021-10-12 20:51:15
59,Kalangala,-0.3089,32.225,70.54,76,53,13.71,UG,2021-10-12 20:51:15
60,Porto Santo,33.072,-16.3415,70.18,68,40,4.61,PT,2021-10-12 20:51:16
61,Makakilo City,21.3469,-158.0858,86.32,65,20,13.8,US,2021-10-12 20:46:43
62,Vila Velha,-20.3297,-40.2925,71.55,83,75,6.91,BR,2021-10-12 20:51:16
63,Cidreira,-30.1811,-50.2056,66.38,90,52,19.51,BR,2021-10-12 20:51:17
64,Nanortalik,60.1432,-45.2371,39.47,81,2,3.29,GL,2021-10-12 20:51:17
65,Anadyr,64.75,177.4833,18.1,92,40,5.99,RU,2021-10-12 20:51:18
66,Kodiak,57.79,-152.4072,45.91,57,75,5.75,US,2021-10-12 20:51:19
67,Saint-Joseph,-21.3667,55.6167,71.98,90,52,3.09,RE,2021-10-12 20:51:19
68,Kualakapuas,-3.0091,114.3876,75.36,92,75,1.88,ID,2021-10-12 20:51:20
69,Bluff,-46.6,168.3333,45.27,73,100,18.72,NZ,2021-10-12 20:51:20
70,Sechura,-5.5569,-80.8222,75.06,60,63,19.17,PE,2021-10-12 20:51:21
71,Hobart,-42.8794,147.3294,50.25,76,75,1.01,AU,2021-10-12 20:49:38
72,Leticia,-4.2153,-69.9406,80.65,78,75,2.3,CO,2021-10-12 20:51:21
73,Olafsvik,64.8945,-23.7142,46.36,98,100,5.59,IS,2021-10-12 20:51:22
74,Pangody,65.85,74.4859,28.22,74,100,13.0,RU,2021-10-12 20:51:22
75,Virginia Beach,36.8529,-75.978,74.01,93,90,9.22,US,2021-10-12 20:49:59
76,Formosa,-26.1775,-58.1781,87.78,40,0,5.75,AR,2021-10-12 20:48:14
77,Victoria,22.2855,114.1577,78.33,89,100,1.99,HK,2021-10-12 20:51:24
78,Torbay,47.6666,-52.7314,48.58,94,90,17.27,CA,2021-10-12 20:51:24
79,Port Elizabeth,-33.918,25.5701,60.1,100,40,3.44,ZA,2021-10-12 20:51:25
80,Porto Torres,40.835,8.3972,60.98,69,81,6.26,IT,2021-10-12 20:51:25
81,Huarmey,-10.0681,-78.1522,67.55,75,31,13.15,PE,2021-10-12 20:51:26
82,Gushikawa,26.3544,127.8686,79.83,96,20,10.36,JP,2021-10-12 20:51:26
83,Mahebourg,-20.4081,57.7,73.69,94,40,4.61,MU,2021-10-12 20:51:27
84,Saskylakh,71.9167,114.0833,10.35,97,99,4.32,RU,2021-10-12 20:51:27
85,Te Anau,-45.4167,167.7167,41.43,86,80,5.23,NZ,2021-10-12 20:51:28
86,Port Alfred,-33.5906,26.891,62.78,87,94,0.43,ZA,2021-10-12 20:51:28
87,Geraldton,-28.7667,114.6,46.81,81,4,9.22,AU,2021-10-12 20:51:29
88,New Norfolk,-42.7826,147.0587,49.91,69,100,1.99,AU,2021-10-12 20:51:29
89,Port Blair,11.6667,92.75,81.19,84,100,16.71,IN,2021-10-12 20:51:30
90,San Patricio,28.017,-97.5169,92.08,58,31,21.39,US,2021-10-12 20:51:30
91,Izhmorskiy,56.194,86.6414,27.37,55,100,2.64,RU,2021-10-12 20:51:31
92,Champoton,19.35,-90.7167,89.65,58,4,11.21,MX,2021-10-12 20:51:31
93,Alto Araguaia,-17.3147,-53.2153,80.64,66,41,3.53,BR,2021-10-12 20:51:32
94,Tuktoyaktuk,69.4541,-133.0374,26.6,93,40,10.36,CA,2021-10-12 20:51:32
95,Jinxiang,27.4327,120.6062,72.25,96,100,6.71,CN,2021-10-12 20:51:33
96,Sur,22.5667,59.5289,80.22,52,0,1.01,OM,2021-10-12 20:51:33
97,Noumea,-22.2763,166.4572,67.98,95,100,5.91,NC,2021-10-12 20:49:46
98,Fortuna,40.5982,-124.1573,64.18,55,1,3.0,US,2021-10-12 20:51:34
99,Kapaa,22.0752,-159.319,81.19,76,90,4.0,US,2021-10-12 20:51:34
100,Chokurdakh,70.6333,147.9167,15.33,92,100,7.94,RU,2021-10-12 20:51:35
101,Airai,-8.9266,125.4092,60.66,80,100,1.7,TL,2021-10-12 20:51:35
102,Cap Malheureux,-19.9842,57.6142,73.89,87,4,1.99,MU,2021-10-12 20:51:36
103,Yellowknife,62.456,-114.3525,45.41,72,75,7.0,CA,2021-10-12 20:51:36
104,Capitan Bado,-23.2667,-55.5333,77.52,64,0,6.49,PY,2021-10-12 20:51:37
105,Kotovo,50.3211,44.8012,52.54,36,100,13.53,RU,2021-10-12 20:51:37
106,Gulabpura,25.9,74.6667,78.13,49,0,7.43,IN,2021-10-12 20:51:38
107,Glens Falls,43.3095,-73.644,75.27,61,1,1.01,US,2021-10-12 20:47:43
108,Grants,35.1473,-107.8514,44.83,45,40,20.71,US,2021-10-12 20:49:29
109,Cape Town,-33.9258,18.4232,64.89,81,20,1.01,ZA,2021-10-12 20:46:51
110,Kalmunai,7.4167,81.8167,80.01,74,100,2.06,LK,2021-10-12 20:51:39
111,Port Macquarie,-31.4333,152.9167,60.69,88,90,2.3,AU,2021-10-12 20:51:39
112,San Policarpo,12.1791,125.5072,79.79,81,100,7.56,PH,2021-10-12 20:51:40
113,Los Llanos De Aridane,28.6585,-17.9182,67.75,68,0,6.91,ES,2021-10-12 20:51:40
114,Longyearbyen,78.2186,15.6401,28.24,86,75,4.61,SJ,2021-10-12 20:51:41
115,Guasdualito,7.2424,-70.7324,76.55,95,100,2.98,VE,2021-10-12 20:51:41
116,San Javier,37.8063,-0.8374,69.22,70,0,1.01,ES,2021-10-12 20:51:42
117,Ancud,-41.8697,-73.8203,63.93,76,15,9.57,CL,2021-10-12 20:51:42
118,Bathsheba,13.2167,-59.5167,84.81,79,75,14.97,BB,2021-10-12 20:51:43
119,Luba,3.4568,8.5547,79.81,89,77,6.96,GQ,2021-10-12 20:51:43
120,Benjamin Hill,30.1667,-111.1,75.02,28,0,18.61,MX,2021-10-12 20:51:44
121,Wanning,18.8003,110.3967,71.56,90,100,26.08,CN,2021-10-12 20:51:44
122,Pelotas,-31.7719,-52.3425,71.62,84,40,1.99,BR,2021-10-12 20:51:45
123,Kaitangata,-46.2817,169.8464,43.86,79,100,13.62,NZ,2021-10-12 20:51:45
124,Isangel,-19.55,169.2667,78.91,73,96,3.44,VU,2021-10-12 20:51:46
125,Vostok,46.4856,135.8833,33.67,66,0,3.98,RU,2021-10-12 20:51:46
126,Mar Del Plata,-38.0023,-57.5575,61.0,60,75,8.01,AR,2021-10-12 20:48:34
127,Marawi,7.9986,124.2928,66.65,79,76,4.29,PH,2021-10-12 20:51:47
128,Alofi,-19.0595,-169.9187,76.89,57,40,8.05,NU,2021-10-12 20:51:48
129,Atar,20.5169,-13.0499,89.37,15,18,5.14,MR,2021-10-12 20:51:48
130,Qasigiannguit,68.8193,-51.1922,21.16,82,13,4.65,GL,2021-10-12 20:51:49
131,San Ignacio,17.1561,-89.0714,95.14,52,20,0.0,BZ,2021-10-12 20:51:49
132,Petropavlovsk-Kamchatskiy,53.0452,158.6483,36.19,70,20,8.95,RU,2021-10-12 20:51:49
133,Puerto Ayora,-0.7393,-90.3518,80.56,83,59,7.0,EC,2021-10-12 20:51:50
134,Vuktyl,63.8567,57.3094,39.56,91,100,7.74,RU,2021-10-12 20:51:51
135,East London,-33.0153,27.9116,65.71,80,100,1.3,ZA,2021-10-12 20:51:51
136,Nikolskoye,59.7035,30.7861,44.87,86,90,5.66,RU,2021-10-12 20:51:51
137,Xiongzhou,25.1167,114.3,68.36,74,100,5.93,CN,2021-10-12 20:51:52
138,Hit,33.6416,42.8251,83.08,15,18,7.23,IQ,2021-10-12 20:51:52
139,Trelew,-43.249,-65.3051,77.65,23,85,20.96,AR,2021-10-12 20:51:53
140,Oistins,13.0667,-59.5333,84.29,79,75,14.97,BB,2021-10-12 20:51:53
141,Tautira,-17.7333,-149.15,84.22,82,99,17.13,PF,2021-10-12 20:51:54
142,Cradock,-32.1642,25.6192,71.49,30,95,1.99,ZA,2021-10-12 20:51:54
143,Pisco,-13.7,-76.2167,66.25,72,0,9.22,PE,2021-10-12 20:51:55
144,Carutapera,-1.195,-46.02,80.87,71,6,11.86,BR,2021-10-12 20:51:55
145,Devils Lake,48.1128,-98.8651,48.94,58,1,10.0,US,2021-10-12 20:51:56
146,Arraial Do Cabo,-22.9661,-42.0278,67.96,94,75,9.22,BR,2021-10-12 20:49:54
147,Kant,27.8,79.8,75.25,55,1,4.97,IN,2021-10-12 20:51:57
148,Benguela,-12.5763,13.4055,75.25,77,62,7.67,AO,2021-10-12 20:51:57
149,Russkaya Polyana,49.417,31.9201,49.55,68,100,3.36,UA,2021-10-12 20:51:58
150,Magadan,59.5667,150.8,30.43,74,62,5.1,RU,2021-10-12 20:51:58
151,Winslow,35.0242,-110.6974,50.97,37,40,7.0,US,2021-10-12 20:51:59
152,Lebu,-37.6167,-73.65,56.17,76,34,5.88,CL,2021-10-12 20:47:51
153,Dingle,10.9995,122.6711,76.59,91,100,7.65,PH,2021-10-12 20:52:00
154,Pultusk,52.7025,21.0828,49.28,52,65,4.88,PL,2021-10-12 20:52:00
155,Jinchang,38.4953,102.1739,45.43,29,8,2.42,CN,2021-10-12 20:52:01
156,Damara,4.9608,18.7035,70.84,96,62,1.63,CF,2021-10-12 20:52:01
157,Palasa,18.7667,84.4167,77.61,85,13,3.0,IN,2021-10-12 20:52:02
158,Najran,17.4924,44.1277,72.25,14,61,3.6,SA,2021-10-12 20:52:03
159,Mount Gambier,-37.8333,140.7667,51.71,82,100,12.66,AU,2021-10-12 20:52:03
160,Morgan City,29.6994,-91.2068,88.0,66,20,8.05,US,2021-10-12 20:52:04
161,Urucara,-2.5364,-57.76,93.92,36,85,1.52,BR,2021-10-12 20:52:04
162,Banjar,-8.19,114.9675,75.06,83,84,6.64,ID,2021-10-12 20:52:05
163,Melilla,35.2937,-2.9383,70.0,82,20,6.91,ES,2021-10-12 20:52:05
164,Chapais,49.7834,-74.8492,65.98,88,100,2.64,CA,2021-10-12 20:52:06
165,Challakere,14.3167,76.65,71.33,92,100,11.25,IN,2021-10-12 20:52:06
166,Mehamn,71.0357,27.8492,42.75,75,75,12.66,NO,2021-10-12 20:52:07
167,Berlevag,70.8578,29.0864,42.8,81,75,21.85,NO,2021-10-12 20:52:07
168,Ust-Kuyga,70.0167,135.6,21.83,94,100,5.86,RU,2021-10-12 20:52:07
169,Qingdao,36.0986,120.3719,51.4,93,1,2.24,CN,2021-10-12 20:50:14
170,Richards Bay,-28.783,32.0377,69.62,68,46,9.4,ZA,2021-10-12 20:52:08
171,Cabo San Lucas,22.8909,-109.9124,82.51,76,100,7.0,MX,2021-10-12 20:52:09
172,Novyy Urengoy,66.0833,76.6333,25.52,77,96,10.83,RU,2021-10-12 20:52:09
173,Roald,62.5833,6.1333,44.33,70,40,5.75,NO,2021-10-12 20:52:10
174,Kavieng,-2.5744,150.7967,83.01,76,99,14.72,PG,2021-10-12 20:52:10
175,Kirakira,-10.4544,161.9205,81.66,78,53,4.97,SB,2021-10-12 20:52:11
176,Avarua,-21.2078,-159.775,77.05,73,75,10.36,CK,2021-10-12 20:52:11
177,Bambous Virieux,-20.3428,57.7575,73.65,94,40,4.61,MU,2021-10-12 20:52:11
178,Thompson,55.7435,-97.8558,46.56,87,90,8.05,CA,2021-10-12 20:52:12
179,Mugur-Aksy,50.35,90.5,13.1,88,85,7.16,RU,2021-10-12 20:52:12
180,Butaritari,3.0707,172.7902,81.27,69,45,6.51,KI,2021-10-12 20:52:13
181,Alta Floresta,-9.8756,-56.0861,91.22,55,20,3.44,BR,2021-10-12 20:52:13
182,Ilulissat,69.2167,-51.1,21.04,80,31,4.23,GL,2021-10-12 20:52:14
183,Tomatlan,19.9333,-105.25,86.14,69,100,9.66,MX,2021-10-12 20:52:14
184,Urbana,40.1106,-88.2073,76.05,53,1,5.01,US,2021-10-12 20:50:51
185,Mwense,-10.3845,28.698,75.81,44,86,7.99,ZM,2021-10-12 20:52:15
186,Cockeysville,39.4812,-76.6439,71.42,88,88,1.99,US,2021-10-12 20:51:32
187,Sola,-13.8833,167.55,80.53,79,36,14.85,VU,2021-10-12 20:52:16
188,Strezhevoy,60.7333,77.5889,31.98,90,99,5.95,RU,2021-10-12 20:52:16
189,Mnogovershinnyy,53.9353,139.9242,36.86,89,100,4.14,RU,2021-10-12 20:52:17
190,Pinega,64.7001,43.3936,39.04,87,27,9.37,RU,2021-10-12 20:52:17
191,Husavik,66.0449,-17.3389,33.71,94,100,5.88,IS,2021-10-12 20:52:18
192,Farmington,36.7281,-108.2187,48.88,37,75,18.41,US,2021-10-12 20:52:18
193,Suchitlan,19.3667,-103.7167,78.96,62,100,5.14,MX,2021-10-12 20:52:19
194,Zofingen,47.2878,7.9459,51.01,86,72,3.38,CH,2021-10-12 20:52:20
195,Iqaluit,63.7506,-68.5145,35.33,93,75,21.0,CA,2021-10-12 20:52:20
196,Poum,-20.2333,164.0167,75.76,88,77,8.01,NC,2021-10-12 20:52:21
197,Inirida,3.8653,-67.9239,79.79,76,92,2.42,CO,2021-10-12 20:52:21
198,Maungaturoto,-36.1,174.3667,54.68,71,64,11.27,NZ,2021-10-12 20:52:22
199,Sao Joao Da Barra,-21.6403,-41.0511,68.09,88,97,12.35,BR,2021-10-12 20:52:22
200,Surt,31.2089,16.5887,73.27,58,85,3.8,LY,2021-10-12 20:52:23
201,Alexandria,31.2156,29.9553,76.96,73,40,12.66,EG,2021-10-12 20:52:12
202,Asau,46.4333,26.4,46.76,91,100,1.7,RO,2021-10-12 20:52:23
203,Visby,57.6409,18.296,48.42,66,75,14.97,SE,2021-10-12 20:52:24
204,Meulaboh,4.1363,96.1285,77.09,86,100,2.93,ID,2021-10-12 20:52:24
205,Lloydminster,53.2835,-110.0016,47.88,49,20,11.5,CA,2021-10-12 20:52:25
206,Avera,33.194,-82.5271,78.71,52,0,4.79,US,2021-10-12 20:52:25
207,Kavaratti,10.5669,72.642,82.11,82,100,22.75,IN,2021-10-12 20:52:26
208,Marystown,47.1666,-55.1483,51.85,100,93,8.01,CA,2021-10-12 20:52:26
209,Baker City,44.7749,-117.8344,52.93,28,1,24.16,US,2021-10-12 20:52:26
210,Mackay,-21.15,149.2,72.05,100,4,4.61,AU,2021-10-12 20:52:27
211,Sri Aman,1.2376,111.4621,77.09,94,98,0.0,MY,2021-10-12 20:52:27
212,The Pas,53.8251,-101.2541,41.02,87,90,13.8,CA,2021-10-12 20:52:28
213,Dikson,73.5069,80.5464,28.65,80,89,16.49,RU,2021-10-12 20:52:28
214,Waingapu,-9.6567,120.2641,76.15,63,43,3.76,ID,2021-10-12 20:52:29
215,Tezu,27.9167,96.1667,75.6,60,3,3.78,IN,2021-10-12 20:52:29
216,Maniitsoq,65.4167,-52.9,37.67,66,87,6.44,GL,2021-10-12 20:52:30
217,Bambanglipuro,-7.95,110.2833,74.97,86,75,3.15,ID,2021-10-12 20:52:30
218,Sheridan,44.8333,-106.9173,36.3,83,90,9.22,US,2021-10-12 20:52:30
219,Dubbo,-32.25,148.6167,55.53,88,90,12.66,AU,2021-10-12 20:52:31
220,Sitka,57.0531,-135.33,48.09,81,75,14.97,US,2021-10-12 20:52:31
221,Araouane,18.9048,-3.5265,89.6,9,52,6.49,ML,2021-10-12 20:52:32
222,Taoudenni,22.6783,-3.9836,94.87,7,25,6.89,ML,2021-10-12 20:52:32
223,Jacareacanga,-6.2222,-57.7528,80.76,77,100,1.39,BR,2021-10-12 20:52:33
224,Skelleftea,64.7507,20.9528,35.96,69,22,5.75,SE,2021-10-12 20:52:33
225,Mwinilunga,-11.7358,24.4293,68.61,39,26,3.49,ZM,2021-10-12 20:52:34
226,Tiksi,71.6872,128.8694,19.9,93,98,9.48,RU,2021-10-12 20:52:34
227,Kambove,-10.8764,26.5969,70.23,41,90,5.5,CD,2021-10-12 20:52:35
228,Turukhansk,65.8167,87.9833,22.39,81,48,1.21,RU,2021-10-12 20:52:35
229,Ponta Do Sol,32.6667,-17.1,70.43,73,51,2.42,PT,2021-10-12 20:52:36
230,Provideniya,64.3833,-173.3,33.91,69,75,13.42,RU,2021-10-12 20:52:36
231,Cherskiy,68.75,161.3,-3.68,99,89,2.77,RU,2021-10-12 20:52:36
232,Kieta,-6.2167,155.6333,81.52,77,85,3.15,PG,2021-10-12 20:52:37
233,Igarka,67.4667,86.5833,23.27,85,50,5.17,RU,2021-10-12 20:52:38
234,Oranjemund,-28.55,16.4333,58.93,80,81,2.42,NA,2021-10-12 20:52:38
235,Lorengau,-2.0226,147.2712,83.62,76,21,6.67,PG,2021-10-12 20:52:38
236,Sangar,63.9242,127.4739,13.95,92,48,2.62,RU,2021-10-12 20:52:39
237,Sohag,26.557,31.6948,82.69,27,32,9.04,EG,2021-10-12 20:52:39
238,Koubia,11.5833,-11.9,69.42,90,63,1.25,GN,2021-10-12 20:52:40
239,Karratha,-20.7377,116.8463,76.1,33,1,14.16,AU,2021-10-12 20:52:40
240,Nome,64.5011,-165.4064,35.67,80,90,8.05,US,2021-10-12 20:52:41
241,Hovd,48.0056,91.6419,32.4,46,8,8.66,MN,2021-10-12 20:52:41
242,Kitui,-1.367,38.0106,64.22,81,100,8.93,KE,2021-10-12 20:52:42
243,Faya,18.3851,42.4509,64.51,19,40,7.92,SA,2021-10-12 20:52:43
244,Caravelas,-17.7125,-39.2481,70.68,86,100,9.08,BR,2021-10-12 20:52:43
245,Saint-Cyr-Sur-Loire,47.4,0.6667,52.05,86,0,3.44,FR,2021-10-12 20:52:44
246,Pokhara,28.2333,83.9833,68.0,39,0,7.96,NP,2021-10-12 20:52:44
247,Saint-Francois,46.4154,3.9054,47.68,88,90,0.0,FR,2021-10-12 20:52:45
248,Kanker,20.2719,81.4931,68.99,75,100,1.61,IN,2021-10-12 20:52:45
249,Boyolangu,-8.1181,111.8935,72.75,90,85,3.67,ID,2021-10-12 20:52:46
250,Kota Kinabalu,5.9749,116.0724,77.88,94,20,5.75,MY,2021-10-12 20:52:46
251,Codrington,-38.2667,141.9667,54.25,74,100,18.92,AU,2021-10-12 20:52:47
252,Butzow,53.85,11.9833,52.05,74,6,7.0,DE,2021-10-12 20:52:47
253,Sulangan,11.1373,123.7228,83.53,72,96,11.72,PH,2021-10-12 20:52:48
254,Jieshi,22.8134,115.8257,74.95,91,100,31.7,CN,2021-10-12 20:52:48
255,Northam,51.0333,-4.2167,55.38,85,65,5.7,GB,2021-10-12 20:52:49
256,Buala,-8.145,159.5921,82.31,76,100,4.63,SB,2021-10-12 20:52:49
257,Bud,39.447,-86.1758,69.85,61,34,8.95,US,2021-10-12 20:52:50
258,Kutum,14.2,24.6667,79.12,48,96,6.35,SD,2021-10-12 20:52:50
259,Betsiamites,48.9413,-68.646,62.49,98,100,4.38,CA,2021-10-12 20:52:51
260,Bulungu,-4.55,18.6,71.17,98,99,3.06,CD,2021-10-12 20:52:51
261,Nikki,9.9401,3.2108,78.87,58,46,3.89,BJ,2021-10-12 20:52:51
262,Vardo,70.3705,31.1107,40.75,74,100,18.1,NO,2021-10-12 20:52:52
263,Adre,13.4667,22.2,82.42,46,90,8.25,TD,2021-10-12 20:52:53
264,Litovko,49.2361,135.1742,41.99,73,79,6.35,RU,2021-10-12 20:52:53
265,Sioux Lookout,50.1001,-91.917,59.38,62,20,12.66,CA,2021-10-12 20:52:54
266,Stromness,58.965,-3.296,48.87,87,100,10.0,GB,2021-10-12 20:52:54
267,Tucumcari,35.1717,-103.725,82.24,20,20,20.71,US,2021-10-12 20:52:55
268,Aklavik,68.2191,-135.0107,25.63,86,90,5.75,CA,2021-10-12 20:52:55
269,Melfi,40.9965,15.6514,53.4,73,36,4.18,IT,2021-10-12 20:52:55
270,Srednekolymsk,67.45,153.6833,11.93,93,100,0.83,RU,2021-10-12 20:52:56
271,Arlit,18.7369,7.3853,87.04,9,12,8.08,NE,2021-10-12 20:52:56
272,Bridlington,54.0831,-0.1919,49.05,73,17,9.93,GB,2021-10-12 20:52:57
273,Manzhouli,49.6,117.4333,43.86,47,100,4.85,CN,2021-10-12 20:52:57
274,Misasi,-3.0,33.0833,74.37,42,69,2.13,TZ,2021-10-12 20:52:58
275,Samarai,-10.6167,150.6667,79.36,85,23,2.59,PG,2021-10-12 20:52:58
276,Tiarei,-17.5333,-149.3333,84.22,78,82,15.82,PF,2021-10-12 20:52:58
277,Chumikan,54.7183,135.315,42.46,73,100,11.43,RU,2021-10-12 20:52:59
278,Khatanga,71.9667,102.5,11.93,96,100,7.05,RU,2021-10-12 20:52:59
279,Georgetown,5.4112,100.3354,82.33,87,20,1.99,MY,2021-10-12 20:52:18
280,College,64.8569,-147.8028,36.23,73,75,3.44,US,2021-10-12 20:53:00
281,Yelizovo,53.1873,158.3805,37.54,70,20,8.95,RU,2021-10-12 20:53:00
282,Nishihara,26.1842,127.7558,79.88,95,75,17.27,JP,2021-10-12 20:53:01
283,Ucluelet,48.9329,-125.5528,48.51,92,100,5.01,CA,2021-10-12 20:50:21
284,Zaoyang,32.1272,112.7542,56.57,70,6,9.48,CN,2021-10-12 20:53:01
285,Talnakh,69.4865,88.3972,18.0,96,99,4.59,RU,2021-10-12 20:53:02
286,Vanimo,-2.6741,141.3028,78.44,89,26,4.36,PG,2021-10-12 20:53:03
287,Quesnel,52.9999,-122.5029,41.5,60,90,14.97,CA,2021-10-12 20:53:03
288,Yanam,16.7333,82.2167,76.32,95,100,1.81,IN,2021-10-12 20:53:04
289,Gizo,-8.103,156.8419,83.16,75,97,7.14,SB,2021-10-12 20:53:04
290,Butembo,0.15,29.2833,57.7,97,94,2.51,CD,2021-10-12 20:53:05
291,Anaconda,46.1285,-112.9423,33.96,63,100,4.23,US,2021-10-12 20:53:05
292,Nogliki,51.8333,143.1667,46.49,78,100,16.78,RU,2021-10-12 20:53:06
293,Anuradhapura,8.3565,80.4173,77.13,86,74,10.85,LK,2021-10-12 20:53:06
294,Maragogi,-9.0122,-35.2225,76.26,76,77,8.23,BR,2021-10-12 20:48:37
295,Bonfim,3.0833,-59.95,88.38,56,97,3.22,BR,2021-10-12 20:53:07
296,Kaeo,-35.1,173.7833,58.32,73,91,10.2,NZ,2021-10-12 20:50:12
297,Peniche,39.3558,-9.3811,74.62,68,5,8.59,PT,2021-10-12 20:53:08
298,Kamenka,51.3223,42.7678,54.01,38,100,13.13,RU,2021-10-12 20:53:08
299,Sistranda,63.7256,8.834,44.91,64,100,16.96,NO,2021-10-12 20:53:09
300,Nouadhibou,20.931,-17.0347,67.98,88,0,14.97,MR,2021-10-12 20:53:09
301,Carnarvon,-24.8667,113.6333,59.07,58,0,14.97,AU,2021-10-12 20:53:09
302,Otjimbingwe,-22.35,16.1333,76.24,32,0,2.21,NA,2021-10-12 20:53:10
303,Yumen,40.2833,97.2,41.11,29,64,3.0,CN,2021-10-12 20:53:10
304,Lagoa,39.05,-27.9833,69.01,71,41,7.85,PT,2021-10-12 20:53:11
305,Coquimbo,-29.9533,-71.3436,62.33,55,75,10.36,CL,2021-10-12 20:53:11
306,Saint-Augustin,51.226,-58.6502,51.31,57,0,1.97,CA,2021-10-12 20:53:11
307,Xining,36.6167,101.7667,42.71,51,99,2.46,CN,2021-10-12 20:53:12
308,Henties Bay,-22.116,14.2845,58.86,90,26,4.12,NA,2021-10-12 20:53:12
309,Launceston,-41.45,147.1667,49.6,78,100,1.01,AU,2021-10-12 20:53:13
310,Goderich,43.7501,-81.7165,71.91,73,10,14.97,CA,2021-10-12 20:53:13
311,Taltal,-25.4,-70.4833,60.6,72,31,8.61,CL,2021-10-12 20:53:14
312,Leshukonskoye,64.8989,45.7622,38.97,87,55,7.81,RU,2021-10-12 20:53:14
313,Tuatapere,-46.1333,167.6833,44.17,79,100,5.88,NZ,2021-10-12 20:53:15
314,Dombarovskiy,50.7587,59.5386,46.11,57,100,6.76,RU,2021-10-12 20:53:16
315,Arenys De Mar,41.5819,2.5494,66.6,83,43,1.99,ES,2021-10-12 20:53:16
316,Bereda,43.2686,-7.5406,56.95,100,12,2.89,ES,2021-10-12 20:53:17
317,Lagos,6.5833,3.75,80.92,91,100,4.94,NG,2021-10-12 20:53:17
318,Adrar,20.5022,-10.0711,88.61,10,38,4.36,MR,2021-10-12 20:53:18
319,Imbituba,-28.24,-48.6703,67.89,92,100,14.09,BR,2021-10-12 20:53:18
320,Brawley,32.9787,-115.5303,74.48,11,0,8.12,US,2021-10-12 20:53:19
321,Talara,-4.5772,-81.2719,72.36,73,0,12.66,PE,2021-10-12 20:53:19
322,Upernavik,72.7868,-56.1549,34.65,97,100,15.05,GL,2021-10-12 20:53:20
323,Nalut,30.3333,10.85,66.72,31,5,1.92,LY,2021-10-12 20:53:20
324,Ust-Barguzin,53.45,108.9833,38.86,79,97,5.7,RU,2021-10-12 20:53:20
325,Kalyazin,57.2403,37.8433,43.11,76,100,7.31,RU,2021-10-12 20:53:21
326,Pochutla,15.7432,-96.4661,89.82,62,58,6.6,MX,2021-10-12 20:53:21
327,Douglas,41.3,-96.167,79.9,36,1,5.01,US,2021-10-12 20:53:22
328,Sao Felix Do Xingu,-6.6447,-51.995,84.13,62,97,2.39,BR,2021-10-12 20:53:22
329,Vyshkov,52.4764,31.6873,48.09,77,100,3.29,RU,2021-10-12 20:53:22
330,Hualmay,-11.0964,-77.6139,65.89,77,42,13.06,PE,2021-10-12 20:53:23
331,Stropkov,49.2021,21.6522,46.63,90,23,1.03,SK,2021-10-12 20:53:23
332,Magadi,12.9667,77.2333,70.14,97,100,8.93,IN,2021-10-12 20:53:24
333,Vestmannaeyjar,63.4427,-20.2734,47.25,97,100,18.72,IS,2021-10-12 20:53:24
334,Tuy Hoa,13.0833,109.3,76.69,89,100,8.86,VN,2021-10-12 20:53:25
335,Lompoc,34.6391,-120.4579,75.56,33,1,20.71,US,2021-10-12 20:53:25
336,Atocha,-20.9333,-66.2333,67.86,3,66,16.71,BO,2021-10-12 20:53:26
337,Porto Novo,6.4965,2.6036,82.22,87,77,6.82,BJ,2021-10-12 20:53:26
338,Bonthe,7.5264,-12.505,79.3,85,100,5.48,SL,2021-10-12 20:53:27
339,General Pico,-35.6566,-63.7568,78.98,37,100,10.65,AR,2021-10-12 20:53:27
340,Gisborne,-38.6533,178.0042,54.95,44,3,12.48,NZ,2021-10-12 20:53:28
341,Mount Vernon,40.9126,-73.8371,73.51,77,65,1.01,US,2021-10-12 20:53:28
342,Nouakchott,18.0858,-15.9785,76.93,70,94,16.42,MR,2021-10-12 20:53:29
343,Auki,-8.7676,160.7034,80.37,79,100,3.96,SB,2021-10-12 20:53:29
344,Rio Gallegos,-51.6226,-69.2181,59.05,25,90,14.97,AR,2021-10-12 20:53:30
345,Maunabo,18.0072,-65.8993,87.71,87,88,6.46,PR,2021-10-12 20:53:30
346,Coihaique,-45.5752,-72.0662,58.95,41,40,9.22,CL,2021-10-12 20:53:31
347,Kyzyl,51.7,94.45,38.14,62,99,4.23,RU,2021-10-12 20:53:31
348,Cockburn Town,21.4612,-71.1419,80.56,78,75,9.22,TC,2021-10-12 20:50:46
349,Revda,56.801,59.9303,47.21,96,100,5.03,RU,2021-10-12 20:53:32
350,Port-Gentil,-0.7193,8.7815,80.56,83,75,12.66,GA,2021-10-12 20:53:33
351,Panjab,34.388,67.0233,34.65,10,0,3.65,AF,2021-10-12 20:53:33
352,Norman Wells,65.282,-126.8329,33.84,75,75,13.8,CA,2021-10-12 20:53:33
353,San Juan De Los Morros,9.9115,-67.3538,86.02,71,50,2.75,VE,2021-10-12 20:53:34
354,Korla,41.7597,86.1469,51.24,38,58,10.74,CN,2021-10-12 20:53:34
355,Loiza,18.4313,-65.8802,87.87,91,75,4.61,PR,2021-10-12 20:53:35
356,Swan River,52.1058,-101.2676,42.69,56,83,10.36,CA,2021-10-12 20:53:35
357,Aktas,49.7789,72.9608,31.75,50,16,6.58,KZ,2021-10-12 20:53:36
358,Matara,5.9485,80.5353,78.76,86,93,11.72,LK,2021-10-12 20:53:36
359,Evensk,61.95,159.2333,25.9,92,100,6.96,RU,2021-10-12 20:53:37
360,Mandalgovi,45.7625,106.2708,38.7,52,19,11.95,MN,2021-10-12 20:53:37
361,Mahajanga,-15.7167,46.3167,75.22,73,20,2.3,MG,2021-10-12 20:53:38
362,Sibolga,1.7427,98.7792,76.24,87,99,2.68,ID,2021-10-12 20:53:38
363,Ashland,40.8167,-82.2665,76.51,63,64,12.24,US,2021-10-12 20:51:44
364,Thinadhoo,0.5333,72.9333,84.04,66,61,17.4,MV,2021-10-12 20:53:39
365,Qaqortoq,60.7167,-46.0333,39.63,64,4,5.53,GL,2021-10-12 20:53:39
366,Paramirim,-13.4425,-42.2389,82.56,46,44,7.0,BR,2021-10-12 20:53:40
367,Gamba,-2.65,10.0,77.29,88,89,8.14,GA,2021-10-12 20:53:40
368,Plouzane,48.3833,-4.6167,51.98,90,20,4.61,FR,2021-10-12 20:53:16
369,Kahului,20.8947,-156.47,94.26,80,40,24.16,US,2021-10-12 20:53:41
370,Gao,16.6362,1.637,90.0,8,7,9.64,ML,2021-10-12 20:53:41
371,Copiapo,-27.3667,-70.3333,58.69,43,33,8.55,CL,2021-10-12 20:53:42
372,Inta,66.0317,60.1659,38.08,93,100,13.49,RU,2021-10-12 20:53:42
373,Chaupal,30.95,77.5833,48.0,63,0,4.23,IN,2021-10-12 20:53:43
374,Pedernales,18.0384,-71.744,84.9,69,100,3.36,DO,2021-10-12 20:53:43
375,Ramshir,30.8946,49.4092,76.75,33,0,5.41,IR,2021-10-12 20:53:44
376,Hobyo,5.3505,48.5268,78.66,80,99,18.5,SO,2021-10-12 20:53:44
377,Cayenne,4.9333,-52.3333,84.24,80,75,3.0,GF,2021-10-12 20:53:45
378,Vung Tau,10.346,107.0843,78.46,88,100,13.18,VN,2021-10-12 20:53:45
379,Riyadh,24.6877,46.7219,78.94,11,0,5.41,SA,2021-10-12 20:51:25
380,Broken Hill,-31.95,141.4333,49.71,43,0,9.22,AU,2021-10-12 20:53:46
381,Chernyshevskiy,63.0128,112.4714,19.2,72,84,9.24,RU,2021-10-12 20:53:46
382,Roebourne,-20.7833,117.1333,76.5,25,1,17.05,AU,2021-10-12 20:53:47
383,Mirabad,30.4362,61.8383,60.3,23,0,11.99,AF,2021-10-12 20:53:47
384,Port Lincoln,-34.7333,135.8667,50.5,77,100,11.83,AU,2021-10-12 20:53:48
385,Waipawa,-41.4122,175.5153,45.23,93,100,24.87,NZ,2021-10-12 20:53:48
386,Kalianget,-7.05,113.9333,80.13,73,84,6.82,ID,2021-10-12 20:53:49
387,Pantai Remis,4.4557,100.6288,79.16,82,100,3.65,MY,2021-10-12 20:53:49
388,Koumac,-20.5667,164.2833,73.42,95,97,7.56,NC,2021-10-12 20:53:50
389,Khorixas,-20.3667,14.9667,73.4,44,0,4.68,NA,2021-10-12 20:53:50
390,Kyabram,-36.3167,145.05,51.91,67,100,13.24,AU,2021-10-12 20:53:50
391,Oussouye,12.485,-16.5469,80.78,82,95,4.47,SN,2021-10-12 20:53:51
392,Leiva,1.9339,-77.3025,72.3,78,71,6.24,CO,2021-10-12 20:53:51
393,Blagoyevo,63.3667,47.9167,40.48,87,100,7.67,RU,2021-10-12 20:53:52
394,Rawson,-43.3002,-65.1023,72.34,32,82,21.09,AR,2021-10-12 20:53:52
395,Iskateley,67.6803,53.1512,39.78,88,100,11.79,RU,2021-10-12 20:53:53
396,Hambantota,6.1241,81.1185,77.34,100,83,4.61,LK,2021-10-12 20:53:53
397,Requena,39.4883,-1.1004,59.99,78,1,4.0,ES,2021-10-12 20:53:54
398,Medicine Hat,50.0501,-110.6683,49.71,38,20,1.01,CA,2021-10-12 20:53:54
399,Guiglo,6.5456,-7.4966,73.8,95,85,2.86,CI,2021-10-12 20:53:55
400,Togitsu,32.8333,129.85,76.98,83,100,7.14,JP,2021-10-12 20:53:55
401,Nsanje,-16.92,35.262,67.89,65,0,3.36,MW,2021-10-12 20:53:56
402,Portland,45.5234,-122.6762,56.5,68,75,1.99,US,2021-10-12 20:51:42
403,Ibra,22.6906,58.5334,79.88,35,0,3.31,OM,2021-10-12 20:53:56
404,Zapolyarnyy,69.4154,30.8136,36.68,89,100,13.18,RU,2021-10-12 20:53:57
405,Svatove,49.4103,38.1503,51.33,86,77,7.02,UA,2021-10-12 20:53:57
406,Prado,-17.3411,-39.2208,71.44,84,100,10.11,BR,2021-10-12 20:53:58
407,Payakumbuh,-0.2202,100.6308,68.61,85,58,3.36,ID,2021-10-12 20:53:58
408,Pointe Michel,15.25,-61.3833,77.94,94,75,5.75,DM,2021-10-12 20:53:58
409,Tual,-5.6667,132.75,82.06,77,45,0.89,ID,2021-10-12 20:53:59
410,Castelo Branco,39.8222,-7.4909,64.8,43,0,4.0,PT,2021-10-12 20:52:10
411,Enumclaw,47.2043,-121.9915,51.93,62,100,1.01,US,2021-10-12 20:54:00
412,Karaj,35.8355,51.0103,55.92,38,0,9.22,IR,2021-10-12 20:54:00
413,Lincoln,40.8,-96.667,80.67,36,2,5.01,US,2021-10-12 20:54:01
414,Saint George,37.1041,-113.5841,56.35,52,90,1.99,US,2021-10-12 20:51:01
415,Ambon,-3.6954,128.1814,77.14,94,40,5.75,ID,2021-10-12 20:54:01
416,Baruun-Urt,46.6806,113.2792,43.56,55,100,6.78,MN,2021-10-12 20:54:02
417,Padang,-0.9492,100.3543,76.15,76,35,3.85,ID,2021-10-12 20:54:03
418,Ixtapa,20.7,-105.2,87.22,77,100,3.0,MX,2021-10-12 20:54:04
419,Khor,47.8861,134.9464,39.88,69,14,4.99,RU,2021-10-12 20:54:04
420,Sorland,67.667,12.6934,44.55,61,100,15.48,NO,2021-10-12 20:54:04
421,Bantry,51.6833,-9.45,51.28,86,32,2.04,IE,2021-10-12 20:54:05
422,Half Moon Bay,37.4636,-122.4286,73.06,22,1,13.8,US,2021-10-12 20:54:05
423,Santa Rosa,14.3122,121.1114,80.91,92,100,2.93,PH,2021-10-12 20:54:06
424,Ahipara,-35.1667,173.1667,54.75,71,98,14.9,NZ,2021-10-12 20:54:06
425,Lowestoft,52.4752,1.7516,51.94,89,67,9.82,GB,2021-10-12 20:51:46
426,Port Hardy,50.6996,-127.4199,48.38,81,75,2.3,CA,2021-10-12 20:54:07
427,Yinchuan,38.4681,106.2731,51.49,72,46,3.27,CN,2021-10-12 20:54:07
428,Yar-Sale,66.8333,70.8333,29.48,95,100,14.5,RU,2021-10-12 20:50:56
429,Ballina,-28.8667,153.5667,64.44,88,75,5.75,AU,2021-10-12 20:54:08
430,Reo,12.3167,-2.4667,87.15,41,68,4.65,BF,2021-10-12 20:54:08
431,Paraiso,9.8383,-83.8656,72.46,94,93,2.42,CR,2021-10-12 20:54:09
432,Ascension,30.2169,-90.9001,88.0,71,85,5.21,US,2021-10-12 20:54:09
433,Namibe,-15.1961,12.1522,70.11,84,96,4.9,AO,2021-10-12 20:54:09
434,Linares,-35.85,-71.6,66.27,46,2,8.5,CL,2021-10-12 20:54:10
435,Pevek,69.7008,170.3133,15.37,92,100,3.83,RU,2021-10-12 20:54:11
436,Aksarka,66.5606,67.7975,29.82,97,100,11.14,RU,2021-10-12 20:54:12
437,Vanavara,60.34,102.2797,21.38,57,100,1.03,RU,2021-10-12 20:54:12
438,Lata,40.1629,-8.3327,68.92,51,0,3.69,PT,2021-10-12 20:54:13
439,Tabory,58.5198,64.5495,41.61,96,100,4.52,RU,2021-10-12 20:54:13
440,Mathbaria,22.2876,89.9593,78.82,80,91,5.17,BD,2021-10-12 20:54:14
441,Manta,-0.95,-80.7333,78.58,69,20,11.5,EC,2021-10-12 20:54:14
442,Wadi Maliz,36.4681,8.5495,64.85,82,70,4.07,TN,2021-10-12 20:54:15
443,Tulagi,-9.0996,160.1476,81.46,78,100,3.71,SB,2021-10-12 20:54:15
444,Nizhneangarsk,55.7833,109.55,26.17,65,100,8.86,RU,2021-10-12 20:54:15
445,Nador,35.174,-2.9287,69.87,82,20,6.91,MA,2021-10-12 20:54:16
446,Nelson Bay,-32.7167,152.15,61.0,97,100,1.01,AU,2021-10-12 20:54:16
447,Okhotsk,59.3833,143.3,27.99,57,0,26.78,RU,2021-10-12 20:54:17
448,Am Timan,11.0297,20.2827,78.69,64,98,6.96,TD,2021-10-12 20:54:17
449,Uravakonda,14.95,77.2667,78.15,65,99,3.42,IN,2021-10-12 20:49:20
450,Fare,-16.7,-151.0167,80.08,78,17,13.02,PF,2021-10-12 20:54:18
451,Tazovskiy,67.4667,78.7,23.99,84,24,10.16,RU,2021-10-12 20:54:18
452,Uige,-7.6087,15.0613,68.7,95,77,1.79,AO,2021-10-12 20:54:19
453,Pangnirtung,66.1451,-65.7125,28.4,100,90,5.75,CA,2021-10-12 20:54:19
454,Kupang,-10.1667,123.5833,76.33,87,19,2.84,ID,2021-10-12 20:54:20
455,Onguday,50.75,86.15,29.61,97,100,2.42,RU,2021-10-12 20:54:20
456,Manicore,-5.8092,-61.3003,84.29,69,99,2.28,BR,2021-10-12 20:54:21
457,Pando,-34.7167,-55.95,66.6,77,75,6.91,UY,2021-10-12 20:54:21
458,Hounde,11.5,-3.5167,82.0,55,40,2.95,BF,2021-10-12 20:54:22
459,Novobirilyussy,56.9514,90.6661,24.93,55,100,2.77,RU,2021-10-12 20:54:22
460,Gweta,-20.1833,25.2333,70.65,14,1,8.84,BW,2021-10-12 20:54:23
461,Hamilton,39.1834,-84.5333,79.21,66,75,3.0,US,2021-10-12 20:52:28
462,Arys,42.4252,68.795,44.82,47,0,9.6,KZ,2021-10-12 20:54:24
463,Tambilil,5.9622,124.6697,80.26,69,100,2.66,PH,2021-10-12 20:54:24
464,Dickson,36.077,-87.3878,83.12,55,1,1.99,US,2021-10-12 20:54:24
465,Salalah,17.0151,54.0924,77.49,66,12,0.96,OM,2021-10-12 20:54:25
466,Stornoway,58.2093,-6.3865,53.92,100,90,8.05,GB,2021-10-12 20:54:26
467,Rudnaya Pristan,44.3614,135.8116,46.36,62,0,4.85,RU,2021-10-12 20:54:26
468,Tura,25.5198,90.2201,73.51,89,45,3.51,IN,2021-10-12 20:54:27
469,Myaundzha,63.0494,147.1858,12.13,94,100,3.0,RU,2021-10-12 20:54:27
470,Zhezkazgan,47.8043,67.7144,37.62,42,6,7.87,KZ,2021-10-12 20:54:28
471,Gorontalo,0.5412,123.0595,75.99,89,99,2.42,ID,2021-10-12 20:54:29
472,Chase,50.8165,-119.6857,49.08,64,100,4.34,CA,2021-10-12 20:54:29
473,Snezhnogorsk,69.1933,33.2531,38.98,90,99,10.18,RU,2021-10-12 20:54:30
474,Saint Anthony,45.0205,-93.218,65.01,76,90,1.99,US,2021-10-12 20:54:30
475,Samarinda,-0.5,117.15,74.16,97,100,1.5,ID,2021-10-12 20:54:31
476,Kaohsiung,22.6163,120.3133,76.95,100,75,9.22,TW,2021-10-12 20:50:28
477,Shahr-E Babak,30.1165,55.1186,60.31,15,0,4.54,IR,2021-10-12 20:54:31
478,Kushiro,42.975,144.3747,47.05,89,0,5.28,JP,2021-10-12 20:54:32
479,Bengkulu,-3.8004,102.2655,75.29,92,98,3.56,ID,2021-10-12 20:54:32
480,Nemuro,43.3236,145.575,53.6,70,0,4.76,JP,2021-10-12 20:54:33
481,Tallahassee,30.4383,-84.2807,87.93,65,40,1.99,US,2021-10-12 20:51:21
482,Porto Belo,-27.1578,-48.5531,71.96,90,100,13.96,BR,2021-10-12 20:54:34
483,Novaya Ladoga,60.1025,32.3019,41.0,82,100,9.08,RU,2021-10-12 20:54:34
484,San Cristobal,7.7669,-72.225,84.38,86,100,5.97,VE,2021-10-12 20:54:35
485,Abha,18.2164,42.5053,64.22,15,0,8.05,SA,2021-10-12 20:54:35
486,Kedrovyy,56.1667,91.8167,23.41,70,100,2.44,RU,2021-10-12 20:54:36
487,Ferme-Neuve,46.7001,-75.4493,73.18,69,98,5.97,CA,2021-10-12 20:54:36
488,Alaca,40.1683,34.8425,62.71,34,100,4.16,TR,2021-10-12 20:54:37
489,Comodoro Rivadavia,-45.8667,-67.5,62.46,42,0,16.11,AR,2021-10-12 20:49:49
490,Mineral Wells,32.8085,-98.1128,87.33,47,79,24.0,US,2021-10-12 20:54:38
491,Bilibino,68.0546,166.4372,-7.62,95,14,4.54,RU,2021-10-12 20:54:38
492,Clyde River,70.4692,-68.5914,34.03,86,90,4.61,CA,2021-10-12 20:54:39
493,Bhadrapur,26.544,88.0944,75.2,79,34,1.97,NP,2021-10-12 20:54:39
494,High Rock,26.6208,-78.2833,77.02,68,10,7.87,BS,2021-10-12 20:54:40
495,Sisimiut,66.9395,-53.6735,33.51,73,31,7.74,GL,2021-10-12 20:54:40
496,Havre-Saint-Pierre,50.2334,-63.5986,63.19,82,1,6.91,CA,2021-10-12 20:54:41
497,Zhanaozen,43.3,52.8,54.18,34,0,17.76,KZ,2021-10-12 20:54:41
498,Abu Kamal,34.4506,40.9171,80.85,31,84,7.14,SY,2021-10-12 20:54:42
499,Sayat,38.7839,63.8803,46.27,32,0,7.92,TM,2021-10-12 20:54:42
500,Mikhaylovskaya,44.9947,40.5964,56.7,78,0,10.6,RU,2021-10-12 20:54:43
501,Fernandina Beach,30.6697,-81.4626,84.09,72,1,5.99,US,2021-10-12 20:54:43
502,Gazojak,41.1875,61.4036,50.29,34,0,11.56,TM,2021-10-12 20:54:44
503,Bardstown,37.8092,-85.4669,78.76,65,40,9.22,US,2021-10-12 20:54:45
504,Kaduna,10.5222,7.4383,76.66,37,90,0.4,NG,2021-10-12 20:54:45
505,San Juan,-31.5375,-68.5364,84.76,20,100,14.45,AR,2021-10-12 20:54:46
506,Nantucket,41.2835,-70.0995,70.14,68,1,4.61,US,2021-10-12 20:51:14
507,Castra-Nova,44.1167,24.0167,49.68,87,100,8.81,RO,2021-10-12 20:54:46
508,Hofn,64.2539,-15.2082,42.42,93,100,10.56,IS,2021-10-12 20:54:47
509,Saint Cloud,45.5608,-94.1625,64.51,80,90,1.99,US,2021-10-12 20:54:40
510,Zeya,53.75,127.2667,40.14,88,100,4.36,RU,2021-10-12 20:54:48
511,Kralendijk,12.15,-68.2667,87.78,74,0,11.5,BQ,2021-10-12 20:54:48
512,North Platte,41.1239,-100.7654,69.33,43,72,15.01,US,2021-10-12 20:54:48
513,Ust-Kan,50.9276,84.761,21.76,95,100,2.93,RU,2021-10-12 20:54:49
514,Basco,20.4487,121.9702,83.55,86,100,21.99,PH,2021-10-12 20:54:49
515,Kabompo,-13.5927,24.2008,73.29,30,0,11.07,ZM,2021-10-12 20:54:50
516,Chilca,-12.5211,-76.7372,72.61,83,48,10.38,PE,2021-10-12 20:54:50
517,Oranjestad,12.524,-70.027,89.55,66,20,16.11,AW,2021-10-12 20:54:51
518,Wageningen,51.9667,5.6667,50.9,91,73,2.3,NL,2021-10-12 20:54:51
519,Nizhniy Tsasuchey,50.5167,115.1333,40.78,59,100,7.23,RU,2021-10-12 20:54:52
520,Ugoofaaru,5.6667,73.0,82.87,76,97,18.39,MV,2021-10-12 20:54:52
521,Talakan,50.3167,130.3667,43.61,81,100,5.44,RU,2021-10-12 20:54:53
522,Asyut,27.181,31.1837,82.58,28,82,7.78,EG,2021-10-12 20:54:53
523,Banjul,13.45,-16.5833,82.72,78,40,5.75,GM,2021-10-12 20:51:19
524,Dudinka,69.4058,86.1778,23.56,96,99,5.32,RU,2021-10-12 20:54:54
525,Betlitsa,54.0095,33.9588,45.57,81,100,4.63,RU,2021-10-12 20:54:54
526,Belmonte,-15.8631,-38.8828,72.1,92,99,8.55,BR,2021-10-12 20:54:55
527,Dong Hoi,17.4833,106.6,75.18,79,100,16.87,VN,2021-10-12 20:54:55
528,Gasa,31.5,34.4667,75.9,63,100,16.17,PS,2021-10-12 20:54:56
529,Teruel,40.6667,-0.6667,55.36,52,2,1.74,ES,2021-10-12 20:54:56
530,Broome,42.2506,-75.833,74.05,64,0,1.99,US,2021-10-12 20:54:57
531,Douala,4.0483,9.7043,77.58,92,100,4.56,CM,2021-10-12 20:54:57
532,Totness,5.8833,-56.3167,82.67,80,26,12.5,SR,2021-10-12 20:54:58
533,Churapcha,62.0025,132.4325,22.39,88,100,10.09,RU,2021-10-12 20:54:58
534,Mwene-Ditu,-7.0,23.45,67.78,93,100,3.91,CD,2021-10-12 20:54:59
535,Shizuishan,39.2333,106.7694,49.64,75,69,2.24,CN,2021-10-12 20:54:59
536,Touros,-5.1989,-35.4608,83.3,72,33,13.87,BR,2021-10-12 20:55:00
537,Angostura,25.3667,-108.1833,84.0,72,98,6.58,MX,2021-10-12 20:55:00
538,Anshun,26.25,105.9333,56.62,83,100,14.7,CN,2021-10-12 20:55:01
539,Dandong,40.1292,124.3947,50.81,86,0,4.27,CN,2021-10-12 20:55:03
540,Kumba,4.6363,9.4469,73.49,98,97,0.31,CM,2021-10-12 20:55:04
541,Grand Gaube,-20.0064,57.6608,73.8,87,4,1.99,MU,2021-10-12 20:55:05
542,Raton,36.9034,-104.4391,59.05,52,79,7.0,US,2021-10-12 20:55:05
543,Ninh Binh,20.2539,105.975,71.71,70,100,13.76,VN,2021-10-12 20:55:06
544,Along,28.1667,94.7667,69.12,85,7,1.74,IN,2021-10-12 20:55:07
545,Sungai Besar,3.6746,100.9867,78.85,88,100,3.87,MY,2021-10-12 20:55:07
546,Victor Harbor,-35.5667,138.6167,54.46,75,86,3.0,AU,2021-10-12 20:55:08
547,Ca Mau,9.1769,105.15,76.46,93,100,7.25,VN,2021-10-12 20:55:08
548,Solnechnyy,50.7214,136.6319,41.56,80,100,4.34,RU,2021-10-12 20:55:09
549,Abnub,27.2696,31.1511,82.62,27,89,7.45,EG,2021-10-12 20:55:10
550,Murgab,37.4966,61.9714,48.07,61,0,0.0,TM,2021-10-12 20:55:10
551,Antofagasta,-23.65,-70.4,60.08,76,40,10.94,CL,2021-10-12 20:55:10
552,Morant Bay,17.8815,-76.4093,87.42,72,28,9.1,JM,2021-10-12 20:55:11
553,Krasnoselkup,65.7,82.4667,25.79,76,26,6.04,RU,2021-10-12 20:55:11
554,Tutoia,-2.7619,-42.2744,80.38,77,51,14.07,BR,2021-10-12 20:55:12
555,Teguise,29.0605,-13.564,68.22,64,20,8.05,ES,2021-10-12 20:55:12
556,Davila,18.4726,120.5763,82.18,80,100,7.29,PH,2021-10-12 20:55:13
557,Vieux-Habitants,16.0589,-61.7659,78.37,77,100,16.13,GP,2021-10-12 20:55:14
558,Sabalgarh,26.25,77.4,78.04,50,0,3.74,IN,2021-10-12 20:55:14
559,Milos,36.75,24.4333,65.12,59,4,7.83,GR,2021-10-12 20:55:14
560,Acajutla,13.5928,-89.8275,84.79,70,69,6.55,SV,2021-10-12 20:55:15
561,Ambuclao,16.4833,120.75,69.66,99,100,3.22,PH,2021-10-12 20:55:15
562,Campbell River,50.0163,-125.2446,47.12,96,90,8.99,CA,2021-10-12 20:55:16
563,Port Hueneme,34.1478,-119.1951,75.45,26,0,7.09,US,2021-10-12 20:55:16
564,Mount Hagen,-5.8581,144.2274,59.76,94,75,0.0,PG,2021-10-12 20:55:17
565,San Luis,-33.295,-66.3356,79.09,35,96,9.8,AR,2021-10-12 20:55:17
566,Liverpool,53.4106,-2.9779,57.67,88,20,1.01,GB,2021-10-12 20:55:18
567,Rio Grande,-32.035,-52.0986,71.71,87,18,7.7,BR,2021-10-12 20:55:18
568,Mareeba,-17.0,145.4333,67.44,96,2,0.58,AU,2021-10-12 20:55:19
569,Nisia Floresta,-6.0911,-35.2086,83.21,73,87,7.54,BR,2021-10-12 20:55:19
570,Bousso,10.4795,16.7117,78.55,59,34,6.53,TD,2021-10-12 20:55:20
571,Shache,38.4167,77.2406,54.25,21,89,7.47,CN,2021-10-12 20:55:20
572,Komsomolskiy,40.4272,71.7189,45.32,65,0,9.22,UZ,2021-10-12 20:55:21
573,Lusambo,-4.9667,23.45,69.93,98,58,1.52,CD,2021-10-12 20:55:21
574,Shingu,33.7333,135.9833,71.49,92,99,4.94,JP,2021-10-12 20:55:21
575,Lisakovsk,52.5369,62.4936,46.44,69,100,7.34,KZ,2021-10-12 20:55:22
